<?xml version="1.0" encoding="UTF-8"?>
<!-- /*
 * Copyright (c) 2011-2012 Google Inc.
 *
 * Licensed under the Apache License, Version 2.0 (the "License"); you may not use this file except
 * in compliance with the License. You may obtain a copy of the License at
 *
 * http://www.apache.org/licenses/LICENSE-2.0
 *
 * Unless required by applicable law or agreed to in writing, software distributed under the License
 * is distributed on an "AS IS" BASIS, WITHOUT WARRANTIES OR CONDITIONS OF ANY KIND, either express
 * or implied. See the License for the specific language governing permissions and limitations under
 * the License.
 */ -->

<Module>
  <ModulePrefs title="Yes/No/Maybe" height="100" width="550">
  <Require feature="dynamic-height"/>
  <Require feature="rpc"/>
</ModulePrefs>
<Content type="html"><![CDATA[
  <!DOCTYPE html>
  <script type="text/javascript" src="//www.google.com/jsapi"></script>
  <script type="text/javascript">google.load("jquery", "1.3.2");</script>
  <script type="text/javascript"
      src="//plus.google.com/hangouts/_/api/v1/hangout.js"></script>
  <script type="text/javascript" src="//plushangoutstartershadow.appspot.com/ggs/yesnomaybe.js"></script>

  <link type="text/css" rel="stylesheet"
      href="//hangoutsapi.appspot.com/static/yesnomaybe/yesnomaybe.css" />

]]></Content>
</Module>

